country_name,country_code,year,health_expenditure_pct_gdp,health_expenditure_percap_usd,gdp_growth_pct_annual,gdp_percap_usd,military_expenditure_pct_gdp,military_expenditure_usd,pop_age_above_65_pct_total_pop,total_pop,gov_revenue_gdp_pct,urban_pop_pct_total_pop
Afghanistan,AFG,2014,9.52887821,60.04951096,2.724543362,625.0549418,1.298012878,268238787.7,2.356535665,32792523,8.613730505,24.587
Albania,ALB,2014,6.43451118,293.1267395,2.240226954,4602.230514,1.346515991,178120368,12.16676921,2889104,24.39934902,56.423
Algeria,DZA,2014,6.01485014,366.5867004,4.099999999,6094.693923,5.548483336,9724379972,5.086182754,39205031,.,70.221
American Samoa,ASM,2014,.,.,1.762820513,12026.33449,.,.,4.906856694,53466,.,87.288
Andorra,AND,2014,6.77308035,3001.196045,2.504465521,44369.65969,.,.,12.86057203,73737,.,88.441
Angola,AGO,2014,2.43412876,130.5861969,4.82255927,5005.999741,4.698454516,6846249313,2.704494436,27160769,30.88454851,62.731
Antigua and Barbuda,ATG,2014,5.87269926,826.7559815,2.198291887,15532.10621,.,.,7.851067425,88765,.,25.175
Argentina,ARG,2014,9.67129993,1274.661255,-2.512615321,12233.14441,0.878100924,4979442724,10.89414213,43024071,22.33229437,91.377
Armenia,ARM,2014,10.17827892,404.3387451,3.600000001,3852.118006,3.943378265,457807021.8,10.77672903,3013800,24.51455671,63.112
Aruba,ABW,2014,.,.,-1.586575138,26129.83906,.,.,11.1519021,106807,.,43.041
Australia,AUS,2014,9.82490253,6098.254395,2.595284116,62544.08738,1.773057778,25783708714,14.63439339,23475686,24.36334397,85.602
Austria,AUT,2014,10.36809158,5393.602051,0.75579885,51314.97226,0.747780095,3305159256,18.38805637,8546356,45.2975197,57.526
Azerbaijan,AZE,2014,3.58703041,280.2231445,2.797585434,7890.840281,4.555013124,3427179917,5.715736811,9535079,39.89639764,54.422
"Bahamas, The",BHS,2014,5.62925673,1619.432129,1.847305942,29137.21756,.,.,10.04007345,382298,13.19684609,82.668
Bahrain,BHR,2014,4.41240263,1122.1604,4.308856927,26451.79656,4.418512028,1475265957,2.625399132,1314562,23.4144864,88.915
Bangladesh,BGD,2014,2.27915168,29.91152382,6.061059359,1094.461997,1.136443272,2355991525,4.756567531,157964929,10.86688561,33.535
Barbados,BRB,2014,6.96651411,1175.443481,0.082405478,19277.94236,.,.,12.63310676,278348,21.80206826,31.328
Belarus,BLR,2014,5.38792181,448.2742615,1.651124685,8341.318093,1.042327636,821490199.3,14.05726399,9448515,27.9218864,76.693
Belgium,BEL,2014,10.6084671,5079.825195,1.765540381,47995.7787,0.970959791,5191507315,17.96215098,11209057,42.39056219,97.833
Belize,BLZ,2014,4.89683533,298.2259827,4.030845578,6128.142885,0.931581993,19916875,4.027971828,348923,22.35256918,45.335
Benin,BEN,2014,2.69111967,32.41182327,6.357679098,1204.399187,0.700924949,92990706.19,3.046304564,11030004,.,45.166
Bermuda,BMU,2014,.,.,-3.701067594,100961.5766,.,.,15.58186025,63529,.,100
Bhutan,BTN,2014,3.28293824,87.19132233,5.881085507,2849.499986,.,.,5.516753633,733139,18.18816417,37.918
Bolivia,BOL,2014,5.89613628,179.3274231,5.460569506,3041.435032,1.896915045,625909654.6,5.567542703,10848888,.,68.047
Bosnia and Herzegovina,BIH,2014,9.49011135,493.0733337,1.153851092,5206.065583,1.025826887,190380454.6,16.7737639,3564829,39.41685466,46.84
Botswana,BWA,2014,5.8804059,418.8245239,5.69714422,7122.364234,2.211997144,346281321.7,3.485311531,2172044,39.94171187,66.368
Brazil,BRA,2014,8.39644146,1030.66272,0.50395574,12274.99397,1.330244423,32660239369,7.65357587,200085127,24.04106063,85.492
British Virgin Islands,VGB,2014,.,.,.,.,.,.,6.725926825,32962,.,46.216
Brunei Darussalam,BRN,2014,1.91436803,785.4121094,-2.507887216,41026.50839,3.086860958,527785180.5,3.940367198,416750,.,76.332
Bulgaria,BGR,2014,7.68306208,605.2589111,0.949448985,8069.600057,1.309602232,747532532.1,19.77573872,7073572,33.3619386,73.651
Burkina Faso,BFA,2014,5.00027227,38.24516678,4.326845615,764.8616751,1.272341952,177166971.8,2.629435944,18229461,15.46513312,26.934
Burundi,BDI,2014,7.21081543,18.06601143,4.240650214,250.5404811,2.297945591,62177428.74,2.212312458,10799785,15.72264962,11.776
Cabo Verde,CPV,2014,4.85231543,193.3948212,0.69666684,3985.607065,0.492596174,10048862.07,5.039959947,512326,17.84062343,63.81
Cambodia,KHM,2014,5.07833052,72.69956207,8.000320746,1431.563965,1.656794879,277974068.1,4.406940117,15396772,12.56323688,21.799
Cameroon,CMR,2014,4.34148788,71.61038208,5.719818145,1649.443391,1.104979623,401529118.1,2.877194373,22059893,16.33296162,53.976
Canada,CAN,2014,10.28526115,5212.008789,2.873466778,50960.84312,0.989925299,17853640478,15.62324418,35434066,16.97922249,81.218
Cayman Islands,CYM,2014,.,.,2.654527985,75845.30604,.,.,5.941606203,60160,.,100
Central African Republic,CAF,2014,4.56557369,18.7120266,0.081070515,409.850486,2.029654395,38407009.92,1.907009069,4623182,4.581282071,39.959
Chad,TCD,2014,3.28550839,42.16276169,2.062980971,1278.789814,2.806514006,392382954.6,2.07314233,14188678,.,22.372
Channel Islands,CHI,2014,.,.,2.427101785,64700.74239,.,.,16.98094656,162726,.,30.995
Chile,CHL,2014,7.84150171,1138.661133,1.792649471,14529.67672,1.967106877,5102777422,10.95457702,17864195,20.6564877,87.303
China,CHN,2014,4.77790594,362.2869568,7.461900282,7781.065975,1.738409288,1.82109E+11,9.666198738,1371860000,15.52342363,54.259
Colombia,COL,2014,7.18553209,588.2944946,4.499030001,8187.208249,3.108258848,11845950895,6.818796911,46565429,23.44699431,79.415
Comoros,COM,2014,5.23849726,84.63935852,3.89569329,1615.717185,.,.,4.21207234,711503,.,28.338
"Congo, Dem. Rep.",COD,2014,3.72520614,18.22281265,9.470288099,458.0045418,0.95024714,341224634.4,3.136601162,78403242,11.05703021,42.18
"Congo, Rep.",COG,2014,1.97311735,71.03118896,6.646065409,3601.236581,3.940357267,704893729.4,2.664634195,4975880,31.65453685,65.085
Costa Rica,CRI,2014,7.66376209,836.2312012,3.542109878,10911.49788,.,0,8.451278435,4767119,23.07074924,75.941
Cote d'Ivoire,CIV,2014,3.7310183,74.3581543,9.371999942,1991.365394,1.06778466,521260529.3,2.554254079,24527395,10.64433865,49.014
Croatia,HRV,2014,6.57961845,909.3716431,-0.557150197,14187.96945,1.816339094,1076424946,18.81223962,4201598,36.53186143,55.923
Cuba,CUB,2014,12.14121914,867.6970215,1.047576632,7146.704591,3.536004761,125638766.5,13.91906121,11285775,.,76.861
Curacao,CUW,2014,.,.,-0.637397373,19623.02999,.,.,13.51718204,155909,.,89.443
Cyprus,CYP,2014,6.93137264,1873.891357,-1.776058677,27244.35156,1.54260196,357806822.6,12.26106163,1201801,41.52367135,67.031
Czechia,CZE,2014,7.59510136,1512.593262,2.245212199,20038.41632,0.966227818,2022883295,17.60549396,10525347,30.82683359,73.384
Denmark,DNK,2014,10.30918217,6466.897949,1.277999832,62520.45097,1.149273286,4056861511,18.41555521,5643475,41.87487956,87.41
Djibouti,DJI,2014,2.95930099,65.53726196,7.192987285,2214.620841,.,.,4.032391975,1002717,.,77.314
Dominica,DMA,2014,5.26141691,389.0534363,2.335217421,8131.748761,.,.,9.54556435,70373,.,69.28
Dominican Republic,DOM,2014,4.79757166,312.4422302,7.111226297,6496.45167,0.651437856,437572465.8,5.580257529,10315528,15.07829953,77.67
Ecuador,ECU,2014,6.76601839,433.418457,4.226065204,6405.799793,2.739230809,2786519000,6.448471916,16035124,28.89013397,63.261
"Egypt, Arab Rep.",EGY,2014,4.77415323,155.0648041,2.91591188,3133.391023,1.689694836,5085121576,4.138553476,97528654,19.87671362,42.839
El Salvador,SLV,2014,8.5989418,315.2316895,1.729399842,3666.012489,1.035254877,233900000,7.030190874,6162955,20.59227999,68.874
Equatorial Guinea,GNQ,2014,1.7540164,272.7261963,0.415066302,15548.66247,0.766177996,166540270.5,3.250686245,1399828,24.20620204,70.083
Eritrea,ERI,2014,3.91432285,32.93447495,.,.,.,.,3.88317614,3095173,.,37.59
Estonia,EST,2014,6.36199951,1287.76123,3.322789882,20581.7899,1.925357386,512119045.1,18.56092881,1314545,34.63343543,68.269
Eswatini,SWZ,2014,7.25596571,282.43396,1.435897493,3771.907965,1.822876774,81355664,3.314840548,1136299,30.40042164,23.149
Ethiopia,ETH,2014,4.03365517,21.6064415,10.25749296,549.9865771,0.768407756,414476025.8,2.908257701,101115610,9.737452986,18.998
Faroe Islands,FRO,2014,.,.,5.432142068,60172.06325,.,.,16.5310731,48428,.,41.501
Fiji,FJI,2014,3.36860466,178.3116913,5.603514406,5293.356767,1.539773099,74787941.13,5.082256729,917585,25.99275318,54.216
Finland,FIN,2014,9.78115082,4922.429688,-0.478068425,50073.77608,1.451930187,3985508352,19.66610481,5461512,37.76055962,85.175
France,FRA,2014,11.52531433,4974.746582,0.997832947,43148.04593,1.862961439,53134750899,18.38787321,66312067,44.93248026,79.394
French Polynesia,PYF,2014,.,.,0.593554453,22258.63214,.,.,7.07376419,276387,.,61.633
Gabon,GAB,2014,2.53282261,233.0536804,4.314964441,9201.362766,1.144818396,208124773.3,4.042105753,1978399,25.66528488,87.651
"Gambia, The",GMB,2014,3.05234575,17.33743477,-1.407382495,568.0045356,1.207688536,14599970.28,2.629464715,2164528,.,58.528
Georgia,GEO,2014,7.75487041,367.3204041,4.090490596,4830.334862,2.357939594,415643210.9,14.02932652,3719414,25.45394364,57.067
Germany,DEU,2014,11.02588272,5309.154785,2.169498898,48971.08247,1.149941997,44662831168,20.95866869,80982500,28.91862105,77.19
Ghana,GHA,2014,4.01644135,78.46701813,2.856240163,1949.908329,0.484989051,252653833.7,3.350542591,28041592,14.21503189,53.419
Gibraltar,GIB,2014,.,.,.,.,.,.,17.02069302,32813,.,100
Greece,GRC,2014,7.8914113,1700.494385,0.792225061,21474.72571,2.352287668,5531285909,20.69706729,10892413,43.19429995,77.702
Greenland,GRL,2014,.,.,4.742135673,50485.22441,.,.,7.543659765,56295,.,85.813
Grenada,GRD,2014,4.77353573,381.2259827,7.34212396,7986.334212,.,.,9.952116637,114132,.,35.938
Guam,GUM,2014,.,.,1.793051924,33900.14865,.,.,8.108238763,165486,.,94.449
Guatemala,GTM,2014,5.8885684,217.2376404,4.44397783,3689.144718,0.424656428,245672875.9,4.089703142,15681725,12.27547793,49.634
Guinea,GIN,2014,4.787992,36.63517761,3.696553117,765.1469994,2.276437911,196945589.8,3.531179148,11472924,.,34.836
Guinea-Bissau,GNB,2014,9.96897411,64.99989319,0.964525746,652.022501,1.893804361,21470831.21,2.799889152,1741122,.,41.715
Guyana,GUY,2014,3.94755435,216.0375977,1.68649445,5472.688205,0.95165217,39280967.47,5.167992745,754229,.,26.414
Haiti,HTI,2014,4.52035809,65.10858917,2.888772509,1460.188986,0.035562482,5296049.731,4.061100515,10373235,.,51.444
Honduras,HND,2014,7.91455746,172.528183,3.058080562,2179.88172,1.192715977,241887992.2,3.315270206,9063122,23.11343354,54.514
"Hong Kong SAR, China",HKG,2014,.,.,2.762430301,40315.37395,.,.,14.77734717,7229500,.,100
Hungary,HUN,2014,7.04665947,1006.156494,4.334353641,14352.50188,0.857809631,1209801890,17.68630178,9833038,40.03438605,70.227
Iceland,ISL,2014,8.29044247,4522.905762,1.687215035,54576.74481,.,0,13.36193275,327386,35.20372157,93.667
India,IND,2014,3.61956549,56.3490181,7.410227605,1553.883961,2.543981765,50914096277,5.307154613,1312277191,11.55062064,32.384
Indonesia,IDN,2014,2.96433568,102.0048218,5.006668426,3441.068085,0.777855178,6929248704,6.041340635,258877399,.,52.635
"Iran, Islamic Rep.",IRN,2014,6.35239553,368.1918335,4.984775067,5672.063729,2.116557061,9901118855,5.770679093,81502045,.,72.83
Iraq,IRQ,2014,2.78786659,178.9807129,2.263688176,6249.39227,2.950613991,6923644082,3.020415097,36550059,39.16943642,69.758
Ireland,IRL,2014,9.49471951,5316.269531,9.33603375,57278.25909,0.459917414,1192733691,12.79519071,4657740,31.63402502,62.34
Isle of Man,IMN,2014,.,.,5.155099837,91885.45287,.,.,19.74014364,83892,.,52.162
Israel,ISR,2014,7.04530668,2804.231445,3.775828432,38343.30466,5.647196801,17737375714,10.79529792,8215700,31.53452179,92.104
Italy,ITA,2014,8.86791801,3154.275879,-0.001387617,36028.3494,1.282969654,27701034335,21.69787401,60320707,39.93310718,69.272
Jamaica,JAM,2014,5.16564465,256.9966736,0.689822357,4975.113255,0.872784217,121310243.5,6.336557078,2793749,26.70180535,54.584
Japan,JPN,2014,10.7290144,4121.211426,0.296205514,38475.39525,0.957800922,46903466613,26.22618834,127276000,.,91.304
Jordan,JOR,2014,7.20892906,302.1412048,3.384078099,4191.180501,4.203452619,1548873239,3.350115998,8791710,23.05305368,90
Kazakhstan,KAZ,2014,2.97468472,369.6850891,4.200000006,12427.70946,1.041692133,2306468865,6.596981357,17816285,19.45438738,57.118
Kenya,KEN,2014,4.91267347,72.84589386,5.020111002,1482.815663,1.199433367,819042626.8,2.345034136,46051440,19.56210588,25.221
Kiribati,KIR,2014,8.9549551,155.3865662,1.26366268,1736.705357,.,.,3.638799409,115326,87.00063106,50.773
"Korea, Dem. People's Rep.",PRK,2014,.,.,.,.,.,0,10.75085414,25451262,.,61.098
"Korea, Rep.",KOR,2014,6.50225973,1909.915039,3.202453795,29252.93124,2.529935781,37552298954,12.52540919,50746659,24.98844436,81.707
Kosovo,XKX,2014,.,.,3.348804784,3902.494244,0.758329268,53575787.74,7.265805242,1812788,.,.
Kuwait,KWT,2014,2.9159987,1293.832642,0.500914739,44368.78137,3.585618421,5832103420,2.217694746,3665876,.,100
Kyrgyz Republic,KGZ,2014,7.35766459,93.15830994,4.024038631,1264.526688,1.713569023,127971088.8,4.794704661,5905848,29.44860667,35.635
Lao PDR,LAO,2014,2.29845548,45.53330612,7.61196344,1981.039109,.,.,4.111717864,6703172,16.09266436,32.487
Latvia,LVA,2014,5.46339607,856.7665405,2.094959771,15185.81458,0.943460036,295728965.3,19.24149098,1993782,28.96069218,67.952
Lebanon,LBN,2014,7.52181005,569.9793701,2.484060105,7577.64133,4.678175228,2270065960,6.438980805,6346990,19.91764685,87.947
Lesotho,LSO,2014,9.99925232,121.3491592,1.710549905,1173.537793,1.953796076,47693396.03,3.939975645,2080089,42.02857057,26.502
Liberia,LBR,2014,8.76283932,59.32390976,0.7013931,706.7144901,1.032529165,14531000,3.197428036,4564293,.,49.397
Libya,LBY,2014,5.17777824,462.1921692,-23.04280583,8926.420746,15.4795763,3755652496,4.417354759,6427252,.,79.009
Liechtenstein,LIE,2014,.,.,.,178735.153,.,.,15.90312815,37248,.,14.313
Lithuania,LTU,2014,6.19332647,1021.232971,3.772543796,16446.16472,0.879596258,426913695.4,18.60352015,2937253,29.56732177,67.108
Luxembourg,LUX,2014,5.23040915,6547.034668,2.623086792,123678.7021,0.366856826,252079423.1,14.12510629,556319,39.71959434,89.884
"Macao SAR, China",MAC,2014,.,.,-2.048378141,88310.81196,.,.,8.189770999,621700,37.26019393,100
Madagascar,MDG,2014,4.46240282,22.56570244,3.339203112,505.6849225,0.556391261,69676655.25,2.712829346,24764348,9.291699307,34.534
Malawi,MWI,2014,6.89776182,35.337677,5.625270001,529.513344,0.58077192,49454535.91,3.164788361,16621538,11.79645428,16.132
Malaysia,MYS,2014,3.71036959,414.4392395,6.006721946,11013.31073,1.455113016,4919245323,5.545043103,30696137,19.94006469,73.577
Maldives,MDV,2014,7.91345072,707.3924561,7.860686372,8939.074166,.,.,4.097994038,413617,26.09131863,38.106
Mali,MLI,2014,4.48158312,35.7261734,7.60253469,940.24326,1.515933832,218118403.1,2.669674724,18020267,11.18941132,39.196
Malta,MLT,2014,9.08505249,2456.434814,7.631129375,27424.57654,0.48676155,56514879.92,17.943563,433481,37.53161775,94.347
Marshall Islands,MHL,2014,12.11000061,449.9056397,-1.25958379,3735.239778,.,.,2.58554904,49796,23.60971774,75.384
Mauritania,MRT,2014,3.46724391,59.29050827,4.274823288,1713.008653,2.197095192,144844330.7,3.633220983,3848514,.,50.203
Mauritius,MUS,2014,5.38024664,544.4412231,3.82696982,10366.35508,0.151017482,19744222.08,8.419746216,1261208,22.45826787,41.111
Mexico,MEX,2014,5.35336781,609.8223267,2.503763499,11391.37735,0.495321042,6758693845,6.514463949,119784261,17.68859911,78.993
"Micronesia, Fed. Sts.",FSM,2014,11.9102993,345.0158997,-2.305775745,2945.41496,.,.,3.723384627,108396,28.68896443,22.399
Moldova,MDA,2014,8.63275623,230.7698212,4.999625854,3289.957586,0.293185446,27565559.84,11.0822689,2857815,26.24998649,42.496
Monaco,MCO,2014,4.44085073,8678.043945,7.187027775,195693.5707,.,.,32.88585031,36128,.,100
Mongolia,MNG,2014,4.20989752,176.6965179,7.885225482,4126.239758,0.859725258,105114434.9,3.807759492,2963113,25.15519106,68.163
Montenegro,MNE,2014,8.00086784,581.401062,1.783698581,7364.965901,1.472272349,67544018.04,14.00355256,623744,.,65.471
Morocco,MAR,2014,5.41626596,188.6415863,2.71924408,3435.406982,3.398458641,4048612524,5.635436041,34204780,24.51516745,60.256
Mozambique,MOZ,2014,6.24013042,43.50259018,7.702568448,697.1426804,0.980759494,173752249,2.728360246,25788475,27.22338514,33.878
Myanmar,MMR,2014,4.39346027,54.28113556,8.169907456,1293.000423,3.789534379,2372895912,5.490747452,50681634,22.02756084,29.65
Namibia,NAM,2014,8.4089098,452.2585144,6.09251916,5378.323262,4.32586724,537456013.7,3.516701097,2312139,36.96587773,45.826
Nauru,NRU,2014,8.3867569,760.0439453,16.42333564,9193.097844,.,.,1.377705376,10742,85.63221831,100
Nepal,NPL,2014,5.07549381,41.9739151,6.011482843,821.4552249,1.495262742,328115662.2,5.343163693,27672370,16.23388567,18.182
Netherlands,NLD,2014,10.56703758,5601.885742,1.612610013,53457.22349,1.159687891,10332602878,17.35244065,16865008,39.73036734,89.69
New Caledonia,NCL,2014,.,.,.,37816.95586,.,.,8.515083145,281224,.,68.931
New Zealand,NZL,2014,9.40168381,4184.597656,3.826384918,44618.26697,0.998051493,1994775497,14.36917848,4516500,32.64533977,86.281
Nicaragua,NIC,2014,7.97716141,156.2223206,4.785460136,1958.370476,0.685091959,81391929.94,4.592835909,6066492,16.43459199,57.7
Niger,NER,2014,4.45377159,25.09494019,6.642136655,565.3098973,1.338598197,145600369.9,2.433736026,19215909,.,16.219
Nigeria,NGA,2014,3.34840417,102.3988876,6.309718655,3088.721313,0.414718777,2357671219,2.981488961,185896915,.,46.982
North Macedonia,MKD,2014,6.28993368,357.6386719,3.629123513,5925.385922,1.0929608,124185105.7,12.92635247,1917557,26.05921398,57.284
Northern Mariana Islands,MNP,2014,.,.,4.177545692,15945.41761,.,.,4.200963999,52178,.,91.273
Norway,NOR,2014,9.28297901,9116.37793,2.048132004,97666.69518,1.462279428,7336785328,16.02837625,5137232,45.86757569,80.692
Oman,OMN,2014,3.13740134,726.6466065,1.292252294,23160.65023,8.860411814,8213524057,2.563836701,4002439,.,80.145
Pakistan,PAK,2014,2.48899078,32.11787415,4.116428172,1266.613408,3.096579697,8676510710,3.805344294,214264647,.,35.819
Palau,PLW,2014,10.66757393,1481.356567,4.769999433,13726.02314,.,.,7.256562235,17715,24.46495158,77.517
Panama,PAN,2014,6.91532087,919.2946167,4.625813756,13213.19896,.,0,6.998804373,3892101,13.23082836,66.371
Papua New Guinea,PNG,2014,3.27119064,89.08061218,13.54377062,2723.175298,0.48441331,112375755.9,2.808501871,8523441,19.26719915,12.988
Paraguay,PRY,2014,6.62719059,440.8582153,5.301238592,6652.254789,0.986605392,398370830.5,5.446611105,6069811,16.71820172,60.474
Peru,PER,2014,4.93103409,332.1884155,2.382157372,6667.134104,1.602487622,3217574657,8.022008096,30115826,21.82969073,77.173
Philippines,PHL,2014,3.70313668,106.1629334,6.347987483,2866.838038,1.043127066,3103131460,3.623377172,103767130,14.4354569,46.093
Poland,POL,2014,6.42679548,911.2981567,3.920508624,14262.28419,1.91903676,10345153575,14.88280069,38011735,32.28977333,60.403
Portugal,PRT,2014,9.3428812,2059.926514,0.741391417,22120.68501,1.307686642,3002398602,20.11410315,10401062,38.39377654,62.936
Puerto Rico (US),PRI,2014,.,.,-1.190363473,28576.0988,.,.,17.48109206,3585017,.,93.651
Qatar,QAT,2014,2.42293572,2252.414063,5.334323292,95840.63101,.,.,1.061792161,2151745,.,98.868
Romania,ROU,2014,5.02789736,503.3475342,4.116001093,10031.77108,1.347663784,2691470287,16.79392668,19908979,31.71873435,53.9
Russian Federation,RUS,2014,5.18209648,736.3217773,0.736267222,14055.47266,4.112992978,84696504653,13.1683588,144237223,27.15173471,73.95
Rwanda,RWA,2014,6.98471594,50.63998795,6.167166152,724.9575261,1.102738752,90937793.22,2.889327066,11364757,18.2524162,16.967
Samoa,WSM,2014,6.2579422,248.2032318,0.659923769,3982.680802,.,.,4.873848338,200037,29.75152633,19.149
San Marino,SMR,2014,8.30091763,4120.026855,-0.7023705,51260.49383,.,.,18.22508191,32655,43.69727215,96.559
Sao Tome and Principe,STP,2014,7.91452122,118.7098084,4.906210487,1489.676334,.,.,3.555474241,196767,.,69.213
Saudi Arabia,SAU,2014,5.15801096,1363.591553,4.024640706,27805.48503,10.53506046,80762400000,2.28000576,28309273,35.23722959,82.96
Senegal,SEN,2014,4.38962269,61.40605545,6.224074438,1398.891376,1.213366003,239893634.5,3.548607251,14152102,.,45.436
Serbia,SRB,2014,9.2459898,608.8585815,-1.804270248,6886.678091,1.940768764,913368512.8,18.3902831,7131787,37.32307685,55.583
Seychelles,SYC,2014,4.76223993,631.4267578,4.063691812,15188.19022,2.22756172,30909152.72,7.030753575,91359,.,54.969
Sierra Leone,SLE,2014,19.69004631,143.6060333,-7.815015125,1117.758647,0.973262106,48810630.79,3.185249226,6876385,.,40.432
Singapore,SGP,2014,3.87132597,2233.349609,3.935540277,57564.80231,3.047860385,9596602344,8.576064054,5469724,18.02089947,100
Sint Maarten (Dutch part),SXM,2014,.,.,1.580382215,37134.91242,.,.,7.040890064,36672,.,100
Slovak Republic,SVK,2014,6.88411617,1289.348511,2.707951514,18770.92899,0.984879429,997703821.8,13.69500338,5418649,.,54
Slovenia,SVN,2014,8.50197601,2062.384766,2.762833276,24013.06821,0.973739588,486194870.4,17.54694968,2061980,43.72386419,53.557
Solomon Islands,SLB,2014,4.89056253,105.8747253,1.189217471,2164.944239,.,.,3.478314433,616908,29.23232147,21.896
"Somalia, Fed. Rep.",SOM,2014,2.71561337,13.11646461,8.978005906,429.4316567,.,60258000,2.362608888,13339491,.,42.679
South Africa,ZAF,2014,7.87136555,539.3078003,1.413826452,6856.731371,1.021893996,3892485091,5.331154978,55594838,28.87261306,64.312
South Sudan,SSD,2014,.,.,3.373648477,1242.734502,8.46061686,1301525424,2.558652826,11235073,.,18.626
Spain,ESP,2014,9.08675957,2680.029541,1.520485936,29707.76551,1.253912424,17178549315,18.25564484,46460733,28.31390184,79.366
Sri Lanka,LKA,2014,3.46786141,132.8219452,6.377978893,3971.919131,2.412647012,1914591220,8.635676063,20778000,10.92869548,18.218
St. Kitts and Nevis,KNA,2014,4.75037622,961.7302856,7.576966023,20219.39542,.,.,7.480515619,47089,34.58941144,30.885
St. Lucia,LCA,2014,4.62322617,464.5115051,1.328090221,10044.82184,.,.,7.876776244,174138,19.08572036,18.482
St. Martin (French part),MAF,2014,.,.,.,20638.76519,.,.,6.63809562,37450,.,.
St. Vincent and the Grenadines,VCT,2014,4.17631912,299.3312988,1.250254369,7168.828753,.,.,9.320686288,107535,25.7121306,50.558
Sudan,SDN,2014,5.67619705,88.78570557,4.661379542,1275.438354,.,.,2.639406039,38823318,11.04182063,33.689
Suriname,SUR,2014,4.52127838,440.9526367,0.255503032,9108.189054,.,.,6.040342526,575373,.,66.089
Sweden,SWE,2014,10.9479475,6605.911621,2.295763792,59583.714,1.126447318,6555518064,19.52106927,9696110,32.08853988,86.247
Switzerland,CHE,2014,10.69967365,9550.455078,2.349881415,88724.99107,0.634898338,4612776477,17.71422812,8188649,17.13224843,73.696
Syrian Arab Republic,SYR,2014,4.01812267,46.44654465,-10.31033991,1060.591059,.,.,3.989454987,20273659,.,51.5
Tajikistan,TJK,2014,6.6654973,73.06859589,6.70000069,1081.544029,1.128385045,104280689.2,2.949409131,8425552,.,26.655
Tanzania,TZA,2014,4.01492071,39.85456848,6.732461868,1022.748413,1.015761003,507285799,2.935735107,50351512,12.2379339,30.904
Thailand,THA,2014,3.68448091,213.7439575,0.984468864,5801.197892,1.379976048,5582641023,9.894223165,70216367,20.38005158,46.943
Timor-Leste,TLS,2014,7.60483742,93.10574341,4.472498466,1224.749578,2.046845851,29624000,5.138829016,1181903,158.3890946,29.133
Togo,TGO,2014,4.90473413,41.96416092,5.633240218,855.5852849,1.818288863,83080011.56,2.816331804,7472450,14.28690954,39.579
Tonga,TON,2014,5.11481524,207.0526276,1.990537699,4136.590109,.,.,5.997148458,106609,20.16787608,23.328
Trinidad and Tobago,TTO,2014,4.83714819,1010.827698,3.695365151,21908.30178,0.656301051,188885806.8,7.576040641,1345343,32.8203672,53.413
Tunisia,TUN,2014,6.45006084,287.6095581,3.090328031,4458.978955,1.806887481,908359962.9,6.807769147,11274288,.,67.772
Turkiye,TUR,2014,4.32517862,520.4075317,4.939715161,12165.22014,1.871966551,17576538471,7.525186339,77181884,30.30974852,73.077
Turkmenistan,TKM,2014,4.25741673,393.8684387,10.29999997,7164.145362,.,.,3.556476299,6075283,.,49.921
Turks and Caicos Islands,TCA,2014,.,.,8.711295808,24014.26534,.,.,7.868758916,35050,.,91.851
Tuvalu,TUV,2014,14.93791771,527.1203613,0,3528.858581,.,.,5.412418063,10984,.,58.786
Uganda,UGA,2014,5.33653069,50.957798,5.106307325,896.0547955,0.885150158,325663027.2,1.913432329,36395539,.,21.504
Ukraine,UKR,2014,7.19506168,208.9440002,-10.07889498,3054.908203,2.967368259,3961551379,14.76324464,45972380,33.68454517,68.968
United Arab Emirates,ARE,2014,3.53405499,1776.731079,4.165691841,51381.40699,5.643651352,22755071477,1.496568875,8059440,2.929661454,85.375
United Kingdom,GBR,2014,9.90305996,4716.302246,3.194637319,47426.62098,2.184485492,66995468654,17.58408439,64620000,32.88329645,82.365
United States,USA,2014,16.19414139,8796.182617,2.523819814,55153.39402,3.678918174,6.47789E+11,14.0089266,319257560,18.85884527,81.483
Uruguay,URY,2014,8.038908,1495.597778,3.23879123,18322.42768,1.807429456,1034499447,14.53000289,3356334,28.71363197,94.945
Uzbekistan,UZB,2014,4.43092394,118.4430771,6.873838441,2674.962838,.,.,4.67172949,30222994,20.9060785,50.85
Vanuatu,VUT,2014,3.64668846,108.2232208,2.575040316,2973.090265,.,.,3.641645484,260240,20.38502423,24.861
"Venezuela, RB",VEN,2014,.,.,-3.894386475,15943.61272,1.16181681,1554727108,6.3591954,30254079,.,88.144
Viet Nam,VNM,2014,4.69078779,119.4454956,6.422243121,2546.384645,1.822957718,4255721581,6.282360397,91679578,.,33.115
Virgin Islands (U.S.),VIR,2014,.,.,-1.774530271,33045.36438,.,.,16.55008113,107882,.,95.213
West Bank and Gaza,PSE,2014,9.92015553,314.2747498,-0.157866651,3352.112595,.,.,3.144785475,4173398,.,75.113
"Yemen, Rep.",YEM,2014,4.8418045,69.24575806,-0.188690238,1430.16421,3.966891088,1714830844,2.730339983,30226309,.,34.165
Zambia,ZMB,2014,3.82924223,65.39261627,4.693283164,1707.485731,1.661869557,443604666.5,1.742390761,15895315,17.73763416,41.382
Zimbabwe,ZWE,2014,8.13227272,111.6120148,2.376985704,1372.214746,1.887789117,368100000,3.138106214,14207359,.,32.504
Afghanistan,AFG,2022,23.0881691,80.6516037,-6.240171992,357.2611528,.,.,2.355142367,40578842,.,26.616
Albania,ALB,2022,6.19368076,414.3502502,4.826696119,6846.426694,1.210983436,228693159.6,15.77633816,2777689,24.73166515,63.799
Algeria,DZA,2022,3.6230433,179.6968842,3.600000001,4961.552577,4.695022193,9145810174,6.186963524,45477389,.,74.772
American Samoa,ASM,2022,.,.,1.735015773,18017.45894,.,.,7.103627318,48342,.,87.196
Andorra,AND,2022,7.53678846,3192.315674,9.564612256,42414.05901,.,.,14.968948,79705,29.38162507,87.811
Angola,AGO,2022,2.92737579,101.2561417,3.044726524,2929.694455,1.316819532,1622763732,2.77333856,35635029,.,68.081
Antigua and Barbuda,ATG,2022,5.7299943,1084.883301,9.107806234,20105.19891,.,.,10.72867299,92840,.,24.346
Argentina,ARG,2022,9.86305332,1370.884644,5.269879674,13935.68111,0.686383404,4338261310,12.03408001,45407904,17.92723154,92.347
Armenia,ARM,2022,9.96212864,674.7861939,12.6,6571.974455,4.081745959,795201580,12.91515823,2969200,23.45641758,63.573
Aruba,ABW,2022,.,.,8.517918105,30559.53353,.,.,15.70020968,107310,.,44.052
Australia,AUS,2022,9.92687893,6730.995117,4.242385553,64997.01365,1.908335574,32445330432,17.07503205,26014399,26.20505517,86.488
Austria,AUT,2022,11.15729332,5851.962402,5.277894485,52176.66491,0.768528566,3612733178,19.78975092,9041851,44.40081347,59.256
Azerbaijan,AZE,2022,3.97840643,304.2016296,4.714680379,7770.594223,3.799536412,2991035294,7.52651403,10141756,37.62051043,57.17
"Bahamas, The",BHS,2022,7.21692038,2341.323486,10.87745501,34957.16133,.,.,11.25211772,397538,18.74890175,83.492
Bahrain,BHR,2022,3.83745313,1110.675903,6.180161255,30470.52193,3.145693414,1381313830,3.498952368,1524693,.,89.743
Bangladesh,BGD,2022,2.39038587,61.09237671,7.099828776,2716.485928,1.051989764,4473791826,6.135157652,169384897,.,39.711
Barbados,BRB,2022,6.29389191,1302.059204,17.83286303,22164.02603,.,.,15.69878647,282318,.,31.324
Belarus,BLR,2022,6.65919876,529.0187378,-4.658395916,7994.648061,1.648693135,1105174741,16.5067849,9228071,26.07257159,80.326
Belgium,BEL,2022,10.76192474,5404.624023,4.259360737,50822.25185,1.182396426,6890161300,19.76719276,11680210,37.12611349,98.153
Belize,BLZ,2022,4.23173904,297.4163208,9.652977724,7068.454783,0.810341415,24190375,4.708330333,402733,.,46.396
Benin,BEN,2022,2.67981386,33.88216782,6.252947054,1266.42711,0.632087492,110010370.3,3.062531231,13759501,.,49.534
Bermuda,BMU,2022,.,.,6.476225712,121613.94,.,.,20.14177935,64749,.,100
Bhutan,BTN,2022,4.38545895,154.4892426,5.213867838,3711.32768,.,.,6.245754177,780914,.,43.686
Bolivia,BOL,2022,8.43142891,307.1380005,3.605680426,3643.92827,0.973250888,429365590.6,5.479080585,12077154,.,70.83
Bosnia and Herzegovina,BIH,2022,8.71644783,667.296814,4.226811011,7655.59421,0.679097727,166545042.7,21.10326941,3204802,35.87443528,49.841
Botswana,BWA,2022,5.72838593,477.8325806,5.486017064,8328.709057,2.382125372,485102054.7,3.880152048,2439892,29.45723825,72.224
Brazil,BRA,2022,9.14277458,848.571228,3.016694354,9281.333344,1.06984584,20542063567,10.25178478,210306415,26.93651346,87.555
British Virgin Islands,VGB,2022,.,.,.,.,.,.,8.857224875,38319,.,49.331
Brunei Darussalam,BRN,2022,1.81768215,665.8677368,-1.62833154,36632.92804,2.611930025,435857351.2,6.201776799,455370,.,78.854
Bulgaria,BGR,2022,7.66357517,1011.094727,4.038777583,13999.67192,1.592286696,1436901370,21.69729722,6465097,36.53913515,76.363
Burkina Faso,BFA,2022,6.77182007,56.75708389,1.497239741,836.1183046,2.977486513,562583349.2,2.594655476,22509038,19.66377222,31.877
Burundi,BDI,2022,8.39522648,24.68718529,1.848999439,250.6342254,2.598298275,101434221.2,2.485849983,13321097,.,14.417
Cabo Verde,CPV,2022,6.67440224,285.9694519,15.84367568,4323.31362,0.457294201,10250668.27,6.328729117,519741,.,67.545
Cambodia,KHM,2022,4.71089554,109.5297546,5.129901108,2325.0305,2.090061602,618689402,5.766954108,17201724,14.95385098,25.114
Cameroon,CMR,2022,4.47835922,71.97737885,3.736784006,1604.87727,0.942511872,416638021.6,2.763171982,27632771,.,58.733
Canada,CAN,2022,11.23432541,6255.027832,4.189036281,56256.80073,1.195777758,25567943876,18.94074713,38935934,18.97230387,81.752
Cayman Islands,CYM,2022,.,.,5.156329542,92202.1478,.,.,8.137837592,71591,.,100
Central African Republic,CAF,2022,9.95509052,47.91517639,0.453901882,467.359825,1.708687201,42001802.66,2.143696611,5098039,.,43.12
Chad,TCD,2022,4.52549791,40.17007446,12.89661643,966.0364683,2.748179613,331746766,2.055510782,18455316,.,24.063
Channel Islands,CHI,2022,.,.,5.341961404,67627.30845,.,.,19.34354368,167215,.,31.077
Chile,CHL,2022,10.06172848,1547.289673,2.153993562,15405.61658,1.548322052,4649295736,13.30008002,19553036,26.08124266,87.912
China,CHN,2022,5.36948681,672.4515991,3.134188872,12970.60564,1.623146278,2.91958E+11,13.78193035,1412175000,14.65596056,63.56
Colombia,COL,2022,7.57361269,505.5080566,7.328277294,6680.445069,2.81188848,9661013162,9.006556281,51737944,25.40728528,82.05
Comoros,COM,2022,8.3803854,122.9358444,2.818395066,1533.877553,.,.,4.455290654,834188,.,29.864
"Congo, Dem. Rep.",COD,2022,3.78614616,24.38615036,8.924447851,642.6122671,0.578894367,371081599.9,3.066046838,102396968,14.16466915,46.837
"Congo, Rep.",COG,2022,2.19224548,50.60568619,1.475356132,2620.838043,1.907984889,265847972.7,2.849859754,6035104,.,68.736
Costa Rica,CRI,2022,7.18368196,978.8415527,4.55149178,13625.90085,.,0,11.26206262,5081765,28.89142583,82.042
Cote d'Ivoire,CIV,2022,3.6424129,86.15213013,6.399883627,2333.371283,0.888886346,607245699.6,2.532821021,30395002,12.04558464,52.661
Croatia,HRV,2022,7.21545315,1344.190063,7.287936432,18466.09555,1.79282877,1282110613,22.48470512,3855641,38.25626707,58.219
Cuba,CUB,2022,11.78683186,.,1.775048798,.,.,.,15.87587773,11059820,.,77.401
Curacao,CUW,2022,.,.,7.923,20501.75228,.,.,15.79464187,149996,.,89.025
Cyprus,CYP,2022,8.87060547,2864.156494,7.204867807,33894.44922,1.822731036,532512389.9,14.07794227,1331370,38.42543506,66.911
Czechia,CZE,2022,8.79904652,2431.084961,2.847170658,28282.22367,1.378528444,4005428326,20.51831065,10672118,30.22103096,74.377
Denmark,DNK,2022,9.4758625,6456.083984,1.540173074,68091.31911,1.36761549,5475015488,20.40074008,5903037,35.78725132,88.367
Djibouti,DJI,2022,2.49675012,81.80969238,5.166537029,3133.257798,.,.,4.62735776,1137096,.,78.38
Dominica,DMA,2022,6.31969738,574.4174805,10.39680766,9323.660895,.,.,12.58557608,66826,.,71.7
Dominican Republic,DOM,2022,4.57254791,462.2628784,5.237956529,10104.24493,0.668011698,760763241.9,7.287133116,11230734,16.36232175,83.848
Ecuador,ECU,2022,7.53457022,492.8357544,5.868423549,6515.585284,2.248155134,2586480000,7.850401627,17823897,30.96254054,64.57
"Egypt, Arab Rep.",EGY,2022,4.70438385,170.9790955,6.587845609,4233.307837,1.048481514,4645922048,4.8284035,112618250,.,42.967
El Salvador,SLV,2022,9.84079742,501.2441101,2.954615165,5074.602102,1.411240782,458494000,7.861630914,6280319,28.19192397,74.767
Equatorial Guinea,GNQ,2022,2.91350007,190.093811,3.223508317,7589.299649,1.303187803,156791634.9,3.567501781,1803545,26.44987578,74.01
Eritrea,ERI,2022,3.87447667,27.08350372,.,.,.,.,4.116048732,3409447,.,42.625
Estonia,EST,2022,6.98701143,1998.885498,0.060430517,28451.14778,2.16044264,818278963.7,20.63004619,1348840,34.96849378,69.609
Eswatini,SWZ,2022,7.2226615,283.8834534,1.119590668,3889.65277,1.645121394,74301520.58,4.015041227,1218917,.,24.576
Ethiopia,ETH,2022,2.85274577,27.0685215,5.321759884,1011.073324,0.869861418,1031400406,3.124416232,125384287,5.055719179,22.661
Faroe Islands,FRO,2022,.,.,3.556023804,66139.38097,.,.,17.79267186,53927,.,42.779
Fiji,FJI,2022,4.00910091,217.1506805,19.79272669,5405.030062,1.349276079,67378104.72,6.209281483,919422,20.80564459,58.229
Finland,FIN,2022,9.6589222,4902.039063,0.763041913,50440.56022,1.573638073,4446368019,23.22876721,5556106,37.18150563,85.681
France,FRA,2022,11.8819046,4865.178223,2.570840476,41082.81193,1.932423538,53638748769,21.37734912,68065015,44.2550166,81.509
French Polynesia,PYF,2022,.,.,4.4663797,20738.65,.,.,10.17269543,280378,.,62.17
Gabon,GAB,2022,2.85591531,247.0962219,3.037614495,8409.207415,1.317560189,277674769,4.011338901,2430747,.,90.735
"Gambia, The",GMB,2022,3.41435836,28.89956109,5.492998255,836.2448756,0.693939999,15205180.55,2.889792033,2636470,.,63.852
Georgia,GEO,2022,7.25569582,477.7095642,10.95853214,6729.846599,1.465733101,360344170.7,15.0869213,3712502,26.48915729,60.297
Germany,DEU,2022,12.60513115,6182.34375,1.369731046,49686.11546,1.377138421,56153121240,22.45890638,83797985,28.75716074,77.648
Ghana,GHA,2022,3.6993649,82.32108307,3.80484981,2229.891226,0.337946356,229278866.2,3.56150287,33149152,15.55055069,58.615
Gibraltar,GIB,2022,.,.,.,.,.,.,17.33737487,37609,.,100
Greece,GRC,2022,8.49983692,1768.110718,5.743649025,20971.83493,4.024239729,8745382719,23.22817427,10436882,45.0580295,80.357
Greenland,GRL,2022,.,.,2.004555809,55635.00065,.,.,9.578410623,56661,.,87.727
Grenada,GRD,2022,4.94846392,521.2373047,7.320740616,10535.45888,.,.,11.5213877,116913,.,36.868
Guam,GUM,2022,.,.,5.099864262,41833.15171,.,.,11.64123986,165180,.,95.091
Guatemala,GTM,2022,7.44098806,396.0799866,4.184518087,5358.701275,0.464713796,441379595.1,4.629892396,17847877,12.8936862,52.666
Guinea,GIN,2022,3.95847702,55.03785324,3.972407842,1416.59612,2.168447018,441260169.7,3.431040907,14055137,.,37.668
Guinea-Bissau,GNB,2022,8.11358356,66.05480957,5.58513728,873.4378619,1.621905784,24538678.14,3.090292273,2105529,10.80876427,45.041
Guyana,GUY,2022,3.00636959,531.6278687,63.33463437,17913.49281,0.601394233,88198241.21,6.222455902,821637,.,27.022
Haiti,HTI,2022,3.20848918,52.29947662,-1.681983969,1760.626357,0.068740858,12704528.3,4.540719667,11503606,.,58.82
Honduras,HND,2022,8.28209972,251.0440521,4.14356194,3003.289968,1.452109587,458310362.1,4.166650739,10463872,.,59.6
"Hong Kong SAR, China",HKG,2022,.,.,-3.683751417,48825.84419,.,.,20.68442381,7346100,.,100
Hungary,HUN,2022,6.68981791,1224.433838,4.270347552,18483.63669,1.835657226,3256817191,20.60755931,9605074,37.83025113,72.552
Iceland,ISL,2022,9.28593922,6851.629395,8.978970852,75121.01523,.,0,15.11099485,382003,31.16863157,93.992
India,IND,2022,3.3058846,79.51509857,7.609364978,2347.448294,2.363926577,79976789328,6.698999754,1425423212,9.110117844,35.872
Indonesia,IDN,2022,2.69394851,127.4438477,5.307197227,4730.834848,0.767998661,10133923494,6.82466626,278830529,.,57.934
"Iran, Islamic Rep.",IRN,2022,5.34889174,237.82547,3.776631402,4405.092915,2.111552074,7334035773,7.629000262,89524246,.,76.807
Iraq,IRQ,2022,4.29332495,254.6243286,7.95904805,6520.731546,1.805718934,4683139093,3.39760558,44070551,.,71.354
Ireland,IRL,2022,6.11978531,6448.021973,8.619503456,105234.5116,0.218652665,1164312099,15.16194031,5212836,21.56109681,64.183
Isle of Man,IMN,2022,.,.,-4.165393452,88328.54813,.,.,22.30067038,84132,.,53.271
Israel,ISR,2022,7.34161806,4223.872559,6.263263438,54949.62156,4.455739969,23406074573,12.30303661,9557500,33.2427811,92.763
Italy,ITA,2022,9.02753067,3134.680664,4.821176699,35653.90421,1.694557522,34691881158,23.92918969,59013667,39.60766991,71.657
Jamaica,JAM,2022,7.77706337,468.3467102,5.221519852,6022.153398,1.289999447,220530651.1,7.537113299,2839144,.,57.008
Japan,JPN,2022,11.42183685,3889.357178,0.941998775,34065.6439,1.10588643,46880194665,29.40264731,125124989,.,91.955
Jordan,JOR,2022,6.82820034,295.1387634,2.647435149,4332.251599,4.896258774,2323347887,4.14208054,11256263,23.45773305,91.827
Kazakhstan,KAZ,2022,3.74026752,420.9798279,3.2,11255.33964,0.51743585,1163053994,7.985416636,20034609,16.88776058,57.99
Kenya,KEN,2022,4.32603645,90.43982697,4.859981043,2109.562885,1.0102052,1155179523,2.863919877,54252461,17.88260949,29.002
Kiribati,KIR,2022,10.49855042,217.6827698,4.566325931,2069.767201,.,.,4.015528653,130469,66.12739309,57.058
"Korea, Dem. People's Rep.",PRK,2022,.,.,.,.,.,.,11.59305317,26328845,.,62.916
"Korea, Rep.",KOR,2022,9.43414211,3049.671631,2.612672192,32394.68337,2.769507949,46365420707,17.48464634,51672569,32.00416444,81.427
Kosovo,XKX,2022,.,.,4.278498958,5290.947472,1.144841694,107601580.2,9.239201931,1768096,.,.
Kuwait,KWT,2022,4.26875782,1700.31958,6.758667047,39981.7691,4.727843723,8244121401,2.746578312,4589643,.,100
Kyrgyz Republic,KGZ,2022,4.92258883,85.87857056,8.9675052,1739.720183,3.053051955,352132809.8,5.19936059,6975220,29.87914901,37.461
Lao PDR,LAO,2022,2.01825476,41.34779739,2.707426526,2046.404403,.,.,4.417107669,7559007,13.91398853,37.592
Latvia,LVA,2022,7.62168407,1642.471313,1.80677198,20227.23074,2.094158528,856142771.8,21.01176303,1879383,30.9295056,68.54
Lebanon,LBN,2022,5.73500204,392.3832703,-0.621678971,3654.358455,2.918488863,218747732,9.513466691,5744489,.,89.262
Lesotho,LSO,2022,12.65127754,133.7017059,2.387780202,1030.125796,1.516438947,34668499.9,3.792970637,2286110,35.96008224,29.943
Liberia,LBR,2022,13.47386169,99.65045929,4.808105173,744.6171752,2.488535049,36775000,3.252539318,5373294,.,53.065
Libya,LBY,2022,4.65005827,278.3821106,-8.251630041,5986.636949,.,.,4.74866118,7223805,.,81.302
Liechtenstein,LIE,2022,.,.,.,186821.8818,.,.,19.62637027,39493,.,14.538
Lithuania,LTU,2022,7.24335003,1829.663208,2.53752574,25085.78406,2.446621591,1734372765,19.86075569,2831639,33.13386148,68.465
Luxembourg,LUX,2022,5.55154753,7022.626953,-1.095053512,123719.6589,0.625326007,509908748.2,14.84243758,653103,41.95522434,91.881
"Macao SAR, China",MAC,2022,.,.,-19.60934493,36909.95641,.,.,12.74205605,677300,20.53894908,100
Madagascar,MDG,2022,3.25023246,16.32154655,4.156097784,503.5145335,0.665916151,98149169.22,3.26762489,30437261,10.19200367,39.882
Malawi,MWI,2022,6.50023508,39.65991211,0.921115069,604.2697512,0.969701635,117546956.7,2.613219447,20568728,14.13618468,17.98
Malaysia,MYS,2022,3.90591931,458.219635,8.861821876,11748.09193,0.902025405,3673788248,7.185639357,34695493,16.40867927,78.214
Maldives,MDV,2022,9.65276241,1150.685547,13.82608953,11786.00915,.,.,4.081613184,524106,.,41.536
Mali,MLI,2022,3.67284775,29.74292755,3.50828279,969.7222056,3.139660432,582017552.5,2.426209138,23072640,.,45.437
Malta,MLT,2022,9.52376747,3352.774902,4.26931853,36224.282,0.432529412,78303406.9,19.28437008,531113,31.97373828,94.875
Marshall Islands,MHL,2022,11.73604298,758.4487305,-1.118067979,6322.828555,.,.,4.112084238,40077,.,78.52
Mauritania,MRT,2022,4.48389912,90.41540527,6.796005102,1960.352401,2.279052259,225352135.5,3.208503503,4875637,.,56.923
Mauritius,MUS,2022,5.82381678,590.93573,8.693066753,10223.78823,0.13880042,17884595.97,12.39576391,1262523,23.89372075,40.81
Mexico,MEX,2022,5.72145176,650.9707031,3.710988931,11402.14104,0.686105133,10065268403,7.74526984,128613117,19.27733523,81.3
"Micronesia, Fed. Sts.",FSM,2022,10.34470272,396.7605896,-2.905865806,3710.124485,.,.,5.519406673,112114,.,23.217
Moldova,MDA,2022,6.96505404,398.1491089,-4.6,5744.296184,0.328875032,47749815.11,15.11700142,2528654,29.31391592,43.173
Monaco,MCO,2022,3.39779735,7655.94043,11.04693943,226052.0019,.,.,37.0612486,38931,.,100
Mongolia,MNG,2022,8.85170174,448.2421265,5.032709637,4993.514875,0.513936273,107504097.6,4.616341038,3433748,.,68.93
Montenegro,MNE,2022,10.92241859,1107.064453,6.406680329,9990.204446,1.607464952,98011519.01,17.1459251,623591,.,68.164
Morocco,MAR,2022,5.68049145,199.2141266,1.52720358,3455.39624,3.814559624,4995028074,7.509813265,37329064,26.88795049,64.596
Mozambique,MOZ,2022,8.77717781,49.4729538,4.364450744,578.2516638,1.499828313,281867460.4,2.773098904,32656246,24.56968425,38.187
Myanmar,MMR,2022,5.20476246,57.96875763,4.037493436,1158.05005,4.085574549,2489905987,6.877161326,53756787,.,31.771
Namibia,NAM,2022,9.29635525,405.5939331,5.398724762,4349.799085,2.917236139,367597430.7,3.523214216,2889662,31.28974574,53.956
Nauru,NRU,2022,18.17031097,2264.202393,2.951518346,12896.4341,.,.,2.431997288,11801,.,100
Nepal,NPL,2022,6.65589333,88.26616669,5.631314557,1385.910663,1.11017534,417495219.4,6.1975197,29715436,.,21.451
Netherlands,NLD,2022,10.10068321,5796.034668,5.007234552,59123.31856,1.352189612,13632443394,19.90128304,17700982,39.16725363,92.886
New Caledonia,NCL,2022,.,.,3.499999996,33516.36309,.,.,10.79310957,287123,.,72.325
New Zealand,NZL,2022,10.02858067,4804.37793,3.496386865,48760.03819,1.171827536,2829085839,16.44638864,5117100,33.23628993,86.884
Nicaragua,NIC,2022,8.95364857,208.4754486,3.550299456,2322.89054,0.537113968,84214047.86,5.239364944,6730654,21.50539049,59.556
Niger,NER,2022,4.35259724,26.50681686,11.9,609.7451477,1.664378422,242507046.3,2.550725698,25311973,.,16.894
Nigeria,NGA,2022,4.27090406,90.92185211,3.251681408,2139.374785,0.650166692,3109384939,3.00794222,223150896,.,53.521
North Macedonia,MKD,2022,7.6204114,561.6928101,2.758884153,7606.237525,1.622927657,220214187.4,17.0476782,1831712,28.97690651,59.118
Northern Mariana Islands,MNP,2022,.,.,16.64275466,23785.75459,.,.,7.780285603,46078,.,91.983
Norway,NOR,2022,7.94803333,8692.576172,3.246228603,109269.5206,1.500521302,8697821939,18.3301335,5457127,56.28962978,83.664
Oman,OMN,2022,2.9162159,706.9222412,7.985707284,23223.58294,5.043802558,5783485046,2.657547441,4730226,.,87.75
Pakistan,PAK,2022,2.90434051,38.76602173,4.778106869,1538.322813,3.162974521,10358138590,4.111677093,243700667,.,37.731
Palau,PLW,2022,14.28555965,1978.85437,-1.318427167,14392.20114,.,.,10.37783659,17759,.,81.956
Panama,PAN,2022,8.46561432,1472.046387,10.76966587,17332.43607,.,0,8.766300829,4400773,.,69.141
Papua New Guinea,PNG,2022,2.61825109,81.11356354,5.707584042,3102.289686,0.312718966,97487775.75,3.247020448,10203169,15.32038422,13.582
Paraguay,PRY,2022,7.73804235,480.1939697,0.176038366,6205.625954,0.831483479,365688252.6,6.230911074,6760464,17.39573865,62.818
Peru,PER,2022,6.0930872,445.8575745,2.809033553,7350.630343,1.153179052,2799190985,8.81067934,33475438,.,78.708
Philippines,PHL,2022,5.15676308,182.9342957,7.580982128,3548.069306,1.316526153,5321933198,5.041315183,113964338,16.08274268,47.977
Poland,POL,2022,6.39626455,1193.130615,5.255456974,18891.21353,2.22856109,15341313423,19.0192157,36821749,33.80918135,60.134
Portugal,PRT,2022,10.46883011,2580.756348,6.985841781,24620.51956,1.399269065,3566560368,23.68800352,10434332,38.08313269,67.381
Puerto Rico (US),PRI,2022,.,.,2.957095655,35353.68216,.,.,23.81498,3220137,.,93.61
Qatar,QAT,2022,2.18112326,1781.560303,4.18500971,88701.46335,6.962166119,15412087912,1.391102022,2657333,.,99.318
Romania,ROU,2022,5.7490139,902.2677002,3.965307663,15557.88262,1.724874287,5187965337,19.51524702,19048502,31.61118428,54.489
Russian Federation,RUS,2022,6.91986275,1078.234863,-1.435882139,15619.61426,4.690034831,1.02367E+11,16.07553629,144236933,27.00350178,75.126
Rwanda,RWA,2022,7.8792119,76.83828735,8.161207209,975.469324,1.333854622,176431664.6,3.721448125,13651030,19.70666636,17.721
Samoa,WSM,2022,6.3012085,236.2266083,-5.3062909,3869.466395,.,.,5.556291098,215261,33.17960045,17.616
San Marino,SMR,2022,7.40650225,3874.985352,7.898441458,54264.5705,.,.,21.02376063,33755,44.41158459,97.732
Sao Tome and Principe,STP,2022,7.46419811,180.3336792,0.168698492,2389.737298,.,.,3.848567199,226305,.,75.755
Saudi Arabia,SAU,2022,4.62462378,1593.37146,12.00058748,38510.22762,6.397422153,70920000000,2.702494175,32175224,27.29269321,84.729
Senegal,SEN,2022,4.06358385,63.73388672,3.850431937,1574.028106,1.538105621,421013743.8,3.563392044,17651103,22.14958678,49.086
Serbia,SRB,2022,9.65742779,903.1182861,2.630986444,10022.96885,2.711341294,1723486852,22.07767434,6664449,38.65712647,56.873
Seychelles,SYC,2022,4.2375164,694.7508545,12.71046889,16836.67219,1.332924074,25165004.11,8.147543269,119878,.,58.396
Sierra Leone,SLE,2022,7.94752312,39.31665802,5.313554614,860.7745909,0.685622766,28000961.13,3.175379296,8276807,.,43.831
Singapore,SGP,2022,4.89702511,4320.516113,4.108000219,90299.06946,2.577718633,12034037244,12.6908966,5637022,15.88455157,100
Sint Maarten (Dutch part),SXM,2022,.,.,9.800001111,36476.63008,.,.,12.97625687,42139,.,100
Slovak Republic,SVK,2022,7.73064041,1642.39209,0.437359509,21334.6011,1.808560967,2085664762,17.5706372,5431752,.,53.909
Slovenia,SVN,2022,9.60507679,2737.849365,2.699238745,28373.83823,1.292127759,775156293.4,20.88127143,2112076,42.32417077,55.751
Solomon Islands,SLB,2022,4.82369328,96.73880768,2.402481436,2005.413993,.,.,3.62869463,781066,23.05984211,25.584
"Somalia, Fed. Rep.",SOM,2022,2.62183189,15.34639168,2.727114296,573.1280925,.,113717700,2.541813381,17801897,9.59468E-05,47.324
South Africa,ZAF,2022,8.77086639,569.8407593,1.91147996,6523.410978,0.767817564,3110121447,6.361626563,62378410,30.27315128,68.335
South Sudan,SSD,2022,6.76125622,49.41268158,.,.,4.150276992,520445647.2,2.835790459,11021177,.,20.846
Spain,ESP,2022,9.73828793,2910.837646,6.1793122,30270.2687,1.43399657,20306570633,20.18799925,47786102,29.79130464,81.304
Sri Lanka,LKA,2022,4.36269855,145.5581055,-7.349193013,3342.636503,1.343389427,1002002151,11.38243479,22181000,8.224954097,19.026
St. Kitts and Nevis,KNA,2022,5.56801701,1160.264282,10.34240405,20985.01122,.,.,10.23560518,46709,.,30.991
St. Lucia,LCA,2022,5.01938295,644.8027954,20.38844318,13103.82431,.,.,9.003193852,178781,.,19.05
St. Martin (French part),MAF,2022,.,.,.,.,.,.,16.34540448,28870,.,.
St. Vincent and the Grenadines,VCT,2022,4.68767738,434.8693848,3.110833003,9693.558678,.,.,11.24345883,102046,.,53.875
Sudan,SDN,2022,4.61874437,31.57727051,-0.957816591,1046.240845,.,.,3.125011042,49383346,.,35.956
Suriname,SUR,2022,5.91760969,343.8530273,2.406222356,6084.438767,.,.,7.355607834,623164,.,66.307
Sweden,SWE,2022,10.49857044,5943.361328,1.4592885,55296.93715,1.306042769,7722479441,20.34190182,10486941,33.28925421,88.492
Switzerland,CHE,2022,11.70653343,10963.43066,3.04406103,94394.51068,0.690463765,5652315106,19.21866495,8777088,17.1819545,74.092
Syrian Arab Republic,SYR,2022,4.15098715,34.36484528,0.732781302,1051.671496,.,.,4.666563308,22462173,.,56.769
Tajikistan,TJK,2022,7.62917423,78.61326599,8.000000338,1052.179495,2.002598683,203942083.3,3.472876549,10182222,17.06989499,27.968
Tanzania,TZA,2022,3.1119566,35.64775848,4.566005764,1207.853027,1.136898427,832234478.7,3.03504981,64711821,13.9969905,36.682
Thailand,THA,2022,5.35470581,369.976471,2.580378747,6909.352818,1.244545775,6030950057,14.09678417,71735329,18.97684212,52.889
Timor-Leste,TLS,2022,14.32454681,174.9121552,-20.54158475,2343.245234,1.107085196,44311000,5.405261319,1369295,51.46761859,32.074
Togo,TGO,2022,6.04134083,54.01099014,5.759542515,898.7581544,5.441922623,336608323.3,3.115414156,9089738,15.05386421,43.921
Tonga,TON,2022,8.13607597,378.3054199,-2.309864445,4933.074669,.,.,6.50073304,105042,23.97091999,23.125
Trinidad and Tobago,TTO,2022,6.43106365,1292.018066,1.08222234,20874.37683,0.742178729,217163250.6,11.35811605,1365805,.,53.34
Tunisia,TUN,2022,6.96380186,265.8546448,2.673318218,3708.848124,2.47336373,1156186916,8.83897617,12119334,.,70.214
Turkiye,TUR,2022,3.70338893,385.8799744,5.533427875,10674.50416,1.189191679,10779896285,9.719520406,84979913,25.75864358,77.022
Turkmenistan,TKM,2022,5.37103748,579.154541,6.199999936,8156.35212,.,.,4.044677646,7230193,.,53.494
Turks and Caicos Islands,TCA,2022,.,.,14.08712342,31280.5418,.,.,10.60581275,45847,.,94.047
Tuvalu,TUV,2022,18.38210106,1084.669556,0.677309361,5911.327271,.,.,5.884707766,9992,.,65.527
Uganda,UGA,2022,4.39089251,44.14502716,4.588021922,963.0673142,2.036841891,924755885.7,2.115204982,47312719,13.77859409,26.159
Ukraine,UKR,2022,.,.,-28.75858422,4199.670898,25.87994357,41183927473,17.85693874,41048766,29.28108646,69.919
United Arab Emirates,ARE,2022,4.67550945,2314.745117,7.509697035,49899.0653,.,.,1.639739129,10074977,3.268165491,87.543
United Kingdom,GBR,2022,11.05087757,5035.617188,4.839085179,46062.99141,2.073925588,64081634277,18.93031472,67604000,36.68091867,84.398
United States,USA,2022,16.49613953,12434.43359,2.51237532,77860.91129,3.343258931,8.60692E+11,16.91962039,334017321,19.9277753,83.084
Uruguay,URY,2022,8.94532204,1850.807373,4.486227031,20818.61461,1.825308537,1297897837,15.61340559,3390913,29.68886963,95.688
Uzbekistan,UZB,2022,7.36325455,169.4321289,6.001342322,2578.666894,.,.,5.544956832,34938955,21.09287906,50.466
Vanuatu,VUT,2022,4.14742947,135.4297943,5.186228624,3292.341088,.,.,4.14986272,313046,24.05612508,25.816
"Venezuela, RB",VEN,2022,4.55047369,208.5696869,.,.,0.649886789,4627333.502,8.982038486,28213017,.,88.378
Viet Nam,VNM,2022,4.58891582,188.8974915,8.537500468,4147.697772,.,.,8.230047746,99680655,.,38.766
Virgin Islands (U.S.),VIR,2022,.,.,-1.311232063,44320.90919,.,.,21.8115297,105413,.,96.136
West Bank and Gaza,PSE,2022,9.73336029,350.6381226,4.082760273,3799.95527,.,.,3.702799292,5043612,.,77.291
"Yemen, Rep.",YEM,2022,6.18666697,38.11569214,.,.,.,.,2.504076387,38222876,.,39.188
Zambia,ZMB,2022,5.25592279,76.05962372,5.211223604,1447.123101,1.118002857,326078759.6,1.856089172,20152938,.,45.761
Zimbabwe,ZWE,2022,3.62880659,70.66313934,6.139176174,2040.546587,0.780493774,332717337.3,3.608227005,16069056,.,32.395
